{"AutoFishing":false,"FishingGreatWhiteShark":false,"AutoOfferAll":false,"AutoEnchant":false,"AutoEquipRod":false,"AllowUseWeight":true,"MissSomeCatch":false,"totemAmount":1,"npcTeleport":"Merlins","itemShop":"Bait Crate","WhiteScreen":false,"saveFishingPosition1":"return CFrame.new(285.155884, 133.615952, 215.898346, -0.0101540582, -1.05997316e-07, 0.999948442, 9.48031653e-10, 1, 1.06012408e-07, -0.999948442, 2.02443884e-09, -0.0101540582)","FishingIsonade":false,"ChangeRod":false,"methodReel":"Instant","AutoCollectMeteor":false,"WebhookSendLocation":false,"locationFishing":"Moosewood","AcceptTrade":true,"saveFishingPosition2":"return CFrame.new(285.155884, 133.615952, 215.898346, -0.0101540582, -1.05997316e-07, 0.999948442, 9.48031653e-10, 1, 1.06012408e-07, -0.999948442, 2.02443884e-09, -0.0101540582)","PerfectCatch":true,"AutoUseCrate":false,"totemShop":"Sundial Totem","AutoOffer":false,"Rod2":"Flimsy Rod","AutoSunkenChest":false,"autoAuroraAtNight":false,"FishingMegalodon":false,"FishingAlgaePool":false,"FishingGreatHammerheadShark":false,"BuyLantern":false,"BuyQBaitCrate":false,"autoEclipseAtDay":false,"WebhookUrl":"","itemsTeleport":"Sundial Totem","AutoShake":false,"ESPPlayer":false,"BuyCrabCage":false,"Dev_Debug":true,"AutoChangeBait":false,"itemAmount":1,"CrabCageAmount":1,"AutoEquipBait":false,"AutoTreasure":false,"FishingGoldenTide":false,"methodFishing":"Keyboard","TPCrabCage":false,"BaitSelect2":"Flakes","saveFishingPosition3":"return CFrame.new(285.155884, 133.615952, 215.898346, -0.0101540582, -1.05997316e-07, 0.999948442, 9.48031653e-10, 1, 1.06012408e-07, -0.999948442, 2.02443884e-09, -0.0101540582)","AutoCompleteWhiteBar":false,"DropBobber":false,"BlackScreen":false,"autoSundialAtNight":false,"ModsDetection":true,"AutoCrabCage":false,"AutoLuck":false,"FishingUnderwater":false,"AutoNukeMinigames":false,"AutoAppraiser":false,"rodShop":"Training Rod","BuyBaitCrate":false,"autoSundialAtDay":false,"rodTeleport":"Training Rod","Rod1":"Flimsy Rod","WalkOnWater":false,"AllowUseMutation":false,"AutoCast":false,"BaitSelect":"Flakes","FishingWhaleShark":false,"AutoRelic":false,"WeightAmount":10000,"locationTeleport":"Atlantis","Auto_Use_Bait":{"Enable":true,"Equip":"All"},"MissWhenStreak":120,"FishingDepthsSerpent":false,"WebhookSendFish":false,"WebhookSendEvent":false}