{"autoSundialAtDay":false,"FishingGreatWhiteShark":false,"AutoOfferAll":false,"AutoEnchant":false,"AutoEquipRod":false,"AllowUseWeight":true,"MissSomeCatch":false,"totemAmount":1,"npcTeleport":"Merlins","itemShop":"Bait Crate","WhiteScreen":false,"saveFishingPosition1":"return CFrame.new(285.155884, 133.615952, 215.898346, -0.0101540582, -1.05997316e-07, 0.999948442, 9.48031653e-10, 1, 1.06012408e-07, -0.999948442, 2.02443884e-09, -0.0101540582)","FishingIsonade":false,"ChangeRod":false,"methodReel":"Instant","AutoCollectMeteor":false,"WebhookSendLocation":false,"locationFishing":"Moosewood","AcceptTrade":true,"saveFishingPosition2":"return CFrame.new(285.155884, 133.615952, 215.898346, -0.0101540582, -1.05997316e-07, 0.999948442, 9.48031653e-10, 1, 1.06012408e-07, -0.999948442, 2.02443884e-09, -0.0101540582)","PerfectCatch":true,"AutoUseCrate":false,"totemShop":"Sundial Totem","AutoOffer":false,"Rod2":"Flimsy Rod","AutoSunkenChest":false,"autoAuroraAtNight":false,"FishingMegalodon":false,"FishingAlgaePool":false,"FishingGreatHammerheadShark":false,"BuyLantern":false,"BuyQBaitCrate":false,"autoEclipseAtDay":false,"WebhookUrl":"","itemsTeleport":"Sundial Totem","AutoShake":false,"ESPPlayer":false,"BuyCrabCage":false,"Dev_Debug":true,"AutoChangeBait":false,"itemAmount":1,"AutoEquipBait":false,"AutoTreasure":false,"FishingGoldenTide":false,"WebhookSendEvent":false,"TPCrabCage":false,"WebhookSendFish":false,"saveFishingPosition3":"return CFrame.new(285.155884, 133.615952, 215.898346, -0.0101540582, -1.05997316e-07, 0.999948442, 9.48031653e-10, 1, 1.06012408e-07, -0.999948442, 2.02443884e-09, -0.0101540582)","AutoCompleteWhiteBar":false,"DropBobber":false,"AutoAppraiser":false,"BlackScreen":false,"AutoFishing":false,"AutoCrabCage":false,"AutoLuck":false,"FishingUnderwater":true,"AutoNukeMinigames":false,"MissWhenStreak":120,"ModsDetection":true,"rodShop":"Training Rod","WeightAmount":10000,"rodTeleport":"Training Rod","Rod1":"Flimsy Rod","WalkOnWater":false,"AllowUseMutation":false,"BaitSelect":"Flakes","AutoCast":false,"FishingWhaleShark":false,"AutoRelic":false,"BuyBaitCrate":false,"locationTeleport":"Moosewood","Auto_Use_Bait":{"Enable":true,"Equip":"All"},"autoSundialAtNight":false,"FishingDepthsSerpent":false,"BaitSelect2":"Flakes","methodFishing":"Keyboard"}